τοὺς πολεμίους παύουσιν,τὸν ἄνθρωπον πέμπει ἀπὸ τοῦ Ἑλλησπόντου,οἱ ἀδελφοὶ ἦσαν μῑκροί,τοὺς φίλους πέμπουσιν ἐκ τοῦ ποταμοῦ,ὁ πόλεμος ἦν δίκαιος,οἱ πολέμιοι ἀξίους στρατηγοὺς ἔχουσιν,ὁ στρατηγὸς τοὺς ἀνθρώπους πέμπει τῷ ἀδελφῷ,οἱ ἄνθρωποι ἔχουσιν ἀξίους ἀδελφούς
ἔχομεν τοὺς καλοὺς λίθους,ἐθέλω τῷ ἀγαθῷ ἀνθρώπῳ γράφειν,καὶ ὁ στρατηγὸς τὸν ἄγγελον ἄγει ἀπὸ τοῦ ᾿Βλλησπόντου,οἱ ἀδελφοὶ ἐθέλουσι τοὺς ἵππους παύειν,ὁ ἄγγελος ἔχει ἀγαθὸν ἵππον,τοὺς φίλους ἐθέλομεν ἄγειν ἐκ τοῦ κινδύνου,οἱ πολέμιοι λύουσι τοὺς τῶν στρατηγῶν ἵππους,ltgt,"ὁ στρατηγὸς πολέμιος ἦν τοῖς ἀγγέλοις,"
ἐν τῷ πεδίῳ δῆλα ἦν τὰ δένδρα,στάδιον ἦν παρὰ τῷ ποταμῷ,καὶ εἰς τὸ στάδιον ἄγουσι δῶρα καλά,οἱ δ'ἀδελφοὶ ἐθέλουσιν ἵππους πέμπειν παρὰ τοὺς  φίλους,ltgt,παρὰ τοῦ στρατηγοῦ ἦν τὰ δῶρα,ἐκ τοῦ πεδίου ἄγομεν τοὺς πολεμίους,ὁ δ'ἄνθρωπος ἄξιος ἦν δώρων  καλῶν
ἦν ἡ ἀγορὰ ἐπιτηδεία τῇ στρατιᾷ,φεύγουσι διὰ τοῦ πεδίου,ἐθέλετε γὰρ τὴν στρατιὰν ἄγειν δέκα σταδίους,τῇ δὲ κώμῃ οὐκ ἦν τὰ ἐπιτήδεια,καὶ τὴν στρατιὰν ἄγομὲν διὰ τῆς ἀγορᾶς,διὰ τὴν φιλίαν ἔχουσιν ἀγορὰν καὶ τὰ ἐπιτήδεια,ἡ δὲ στρατιὰ φιλία ἦν τῇ ἀρχῇ,τὸν δ᾽ ἀδελφὸν πέμπει εἰς τὴν χώρᾱν,Gate OF ATHENA ARCHEGETIS
ἠθροιζες λίθους παρὰ τὸν ποταμόν,ἀλλ᾽ ἐπέμπομεν τὴν φυλακὴν παρὰ τὸν ἀδελφον,ἡ στρατιὰ ἦν ἐν τῇ κώμῃ καὶ τὰ ἐπιτήδεια ἥρπαζεν,οἱ μὲν γὰρ κραυγῇ ἐκ τῆς ἀγορᾶς ἔφευγον οἱ δὲ σιγῇ τὰς σκηνὰς ἐφύλαττον,οἱ δὲ ἀρχαῖοι εἶχον κώμας μικρᾶς,"καλὰ μὲν ἦν τὰ δῶρα, μικρὰ δέ","τὰ μὲν ἔργα τὰ τοῦ βαρβάρου ἦν καλά, οἱ δὲ λόγοι φίλιοι"
διὰ τὴν φιλίαν ὁ στρατηγὸς ἐθέλει ἐπιστολὴν γράψαι,οἱ λοιποὶ ἄνθρωποι ὑπ-ώπτευσαν τὸν ἄγγελον,ἐνόμίσα τοὺς λοιποὺς ὑπ-οπτεῦσαι τοὺς τοῦ ἀγγέλου λόγους,ἔπεισε τοὺς φίλους τὰς οἰκίας λῦσαι,ἐνταῦθα ἐλέπετε τοὺς ἵππους,ἐντεῦθεν ἐπέμψαμεν τὸν ἄγγελον παρὰ τὰς τοῦ στρατηγοῦ θύρας,ὑπ-οπτεύομεν τὴν φυλακὴν φεύγειν ἐκ τῶν οἰκιῶν,διὰ τῶν πυλῶν ἔφευγον οἱ λοιποὶ πολέμιοι
καὶ ἡ αὐτὴ στρατιὰ ἥρπαξε τὰς σκηνάς,ἄλλος στρατηγὸς ἦγε βαρβάρους οἳ αὐτῷ ἦσαν φίλιοι,ἀλλ᾽ ἐνόμιζεν αὐτοὺς ὑπ-οπτεύσειν τὴν βουλήν,ὁ δρόμος αὐτὸς ἀπ-έχει ἀπὸ τῆς κώμης ὀκτὼ σταδίους,οἱ ἐν Ἀθήναις ἀλλήλοις ἐπ-εβούλευσαν,τῇ δὲ φυλακῇ ὥρα ἦν αὐτὸν ἄγειν εἰς τὴν οἰκίᾷν ἐν ᾗ ἦσαν οἱ ἄλλοι φίλοι,ἡ γὰρ φυγὴ δήλη ἣν αὐτοῖς τοῖς πολεμίοις,ἡ ἄλλη ὁδὸς ἦγε παρὰ τὸν ᾿Ελλήσποντον
ἐκεῖνο τὸ πλοῖον μεστὸν ἣν σίτου,αἱ πύλαι αὐταὶ ἦσαν ἰσχῦραί,ὑπώπτευσε δὲ ταύτᾱς τὰς φυλακὰς δια-βαίνειν τὸ πεδίον,"αὕτη μὲν ἡ χώρα αὐτοῖς ἣν φιλία, ὁ δὲ σῖτος οὐκ ἀγαθός",οἱ σὺν αὐτῷ ταῦτα τὰ ἐπιτήδεια ἥρπασαν,οἵδε οἱ ποταμοὶ δια-βατοὶ ἦσαν,συμ-βουλεύομεν ἐκείνοις ἄγειν ταῦτα ταὐτάlt
"ἡμῖν μὲν ἦσαν ἅμαξαι, ὑμῖν δ᾽ οὔ",οἱ σὺν τῇ βασιλείᾳ τὴν γέφυραν δι-ἔβαινον,ἐγὼ δ᾽ οὖν ἐνόμιζον σὲ τὴν οἰκίαν φυλάττειν,ἐκείνη γὰρ οὐχ ὑπ-ώπτευσεν ὑμᾶς ἀλλήλοις ἐπι- βουλεύσειν,"τὰ αὐτὰ ὅπλα ἣν ἐμοὶ καὶ σοί,","εἰ μὴ ἐπὶ τὴν θάλατταν ἄγεις τὴν φυλακήν, οὐ λύεις τὰς σπονδάς",The terms “protasis” and quotapodosisquot denote respectively the “if clause” and the quotconclusion ” of conditional sentences,"Proclitic of takes an accent at the end of a sentence, because no word follows with which it may be pronounced",ltgt,"οἱ μὲν κακοὶ ἐπὶ τῶν ἁμαξῶν ἔφυγον, ἡ δὲ βασίλεια οὐκ ἔλιπε τὴν γέφύραν","εἰ ὁ ποταμὸς ἣν δια-βατός, ἤθελον αὐτὸν δια-βαίνειν"
"εἰ οὖν οἱ στρατιῶται μένουσιν ἐπὶ τῇ γεφύρᾳ, νομίζει αὐτοὺς τὰς σπονδὰς λύειν",Ξενίας καὶ οἱ σὺν αὐτῷ ὁπλῖται ἐξ-ελαύνουσι δέκα σταθμούς,"ἐγὼ μὲν ἔχω τὴν ἐμαυτοῦ ἀρχήν, σὺ δὲ τὴν σεαυτοῦ",κελεύσουσι τούτους τοὺς στρατιώτας φυλάττειν τὴν οἰκίαν,ἐνόμισε δ᾽ οὖν τὸν σατράπην οὐ γράψειν ἑαυτῷ τὰς ἐπιστολάς,ὥρα ἦν τῷ ἐκείνης τῆς χώρας σατράπῃ τὰς πύλας φυλάττειν τοῖς ἑαυτοῦ,"αὐτοὶ μὲν οὐκ ἐθέλουσι τὰς σκηνὰς ἁρπάσαι, σοὶ δὲ συμ-βουλεύουσι ταῦτα"
τότε δὲ οὐκ ἐξ-ῆν ἡμῖν παρ-εῖναι,καὶ διὰ φιλίαν τοῦτον φᾶσιν οὐκ ἀπ-εῖναι,ἔστιν οὖν τῇ στρατιᾷ τοὺς ἵππους ἁρπάσαι,ἀλλ᾽ ἐκ τῆς αὐτῆς χώρας εἰσίν,"εἰ μὴ συν-εβουλεύσατε ἐμοί, οὐκ ἂν ἔγραψα τὴν ἐπιστολήν",οὔπω γάρ φησι τὴν ἐπιβουλὴν δήλην εἶναι,ἐντεῦθεν ἐξηλαύνομεν πέντε σταθμοὺς ἐπὶ τὴν θάλατταν,"ἀλλ᾽ οὔπω ἂν παρ-ῆμεν, εἰ μὴ ὁ ποταμὸς δια-βατὸς ἣν πλοίῳ"
οἱ δὲ φύλακες ἔφευγον κατὰ τὴν ὁδόν,καὶ δέκα ἡμερῶν κήρυκα πέμψει ἡμῖν,τὴν δὲ γυναῖκα πρὸς τὸ στρατόπεδον ἄξει,"εἰ μὴ παρ-ἣν ἡ ἰσχυρὰ φάλαγξ, οἱ πολέμιοι δι-ήρπασαν ἂν τὰ ἐν τῷ στρατοπέδῳ",ἀλλὰ ταύτης τῆς ἡμέρας οἱ φύλακες ὑπ-ώπτευσαν αὐτὸν διώκειν τὴν τῶν πολεμίων φάλαγγα,τῇ δὲ σάλπιγγι ἐκελεύομεν τοὺς στρατιώτας ἀθροῖσαι τοὺς ἵπτπτους,πρὸς δὲ τούτοις κατὰ τῶν πυλῶν ἦγον αὐτούς,ὁ δὲ κῆρυξ καὶ οἱ σὺν αὐτῷ φυλάξουσι καὶ τὰς γυναῖκας καὶ τὰ ἐπιτήδεια,What relation of time is denoted by the accusative?,"γυνή, like monosyllables of the consonant declensian, accents the ultima in the genitive and dative of all numbers In the other forms it accents the last syllable of the stem",ltgt
"ἀλλὰ οὐκ ἣν αὐτῷ χρήματα, ὥστε πέμπειν ἡμῖν καὶ ἀσπίδας καὶ δόδατα",τῆς δὲ νυκτὸς ὁ ἄρχων ἐκ τῆς κώμης ἔπεμψε τοὺς παῖδας,"χάριν δ᾽ ἕξετέ μοι, ὑμᾶς γὰρ ἄξω εἰς τὴν Ἑλλάδα","ἐνταῦθα δ᾽ οὐκ ἔστιν ὕδωρ τοῖς ἵπποις, ὥστε κελεύει σε ἄγειν αὐτοὺς πρὸς τὸν ποταμόν",οὗτος οὖν ἐπὶ τοῦ ἅρματος ἤλαυνε παρὰ τὴν φάλαγγα,"οἱ δὲ στρατιῶται πράγματα οὐκ ἂν ἔσχον, εἰ μὴ τὴν σάλπιγγα ἔλῦσεν ὁ κῆρυξ","ἀλλ᾽ εἰ ἔξ-εστι τὸν κἠρῡκα χρήμασι πεῖσαι, συμ-βουλεύω ὑμῖν ἐνταῦθα μένειν",ltgt,ἡ δὲ γυνὴ καὶ οἱ παῖδες οἱ τοῦ ἄρχοντος ἐλαύνουσιν ἐπὶ τῆς ἁμάξης
λύσαντες δὲ τὴν γέφῦραν πράγματα παρ-έξομεν ἐκείνῃ τῇ στρατιᾷ,τοὺς δὲ παρ-όντας ἀπ-έπεμπεν ὡς φίλους ὄντας,ltgt,ἔχοντας οὖν χρήματα ἐκώλυεν αὐτοὺς διαρπάζειν τὴν χωρᾶν,ἡ δὲ βασίλεια χρήματα παρ-εῖχε τῷ Κύρῳ πιστεύουσα τοῖς τούτου τρόποις,καὶ τοῖς φυγάσιν ἐλπίς ἐστιν,τοὺς δὲ στρατιώτας ἐκέλευε τὰ ὅπλα λαβόντας παρ-εῖναι,τῷ φεύγοντι ὄνομά ἐστι φυγάς,ἀγορὰν δὲ παρ-έχων ἡμᾶς ἂν φίλους εἶχες
καὶ δὴ ταῦτα αἰτοῦντες ἀ-δικεῖτέ με,"οὐ γὰρ ἂν ἐπολέμουν αὐτῳ, εἰ τὰ δίκαια ἐποίει",πᾶσι τοῖς πολίταις ἐδόκει ὧδε πολεμεῖν,ltgt,πάντων τὰ αὐτὰ ποιούντων εἰς τὴν σκηνὴν τὸν ἄρχοντα ἐκάλει,ἡμῖν δὴ ἔδοξε δόρατα αἰτεῖν,ταύτης δὲ ἐπι-βουλὴν ὑπ-οπτευούσης οὐκ ἔστι φυγεῖν,ἀγαθὸς γὰρ ὢν τοὺς ἀγαθοὺς φιλεῖς,"εἰ δὲ τὴν Ἑλλάδα ἐφιλεῖτε, τοῖς βαρβάροις  ἂν ἐπολεμεῖτε"
τότε δὴ ἤχθοντο τῇ πορείᾳ,τὰ δ᾽ ἐπιτήδεια ὑπὸ,τῶν πορευομένων ἀθροίζεται,χρήματα οὖν ἔχοντες τὸν σῖτον πταρ-εἰχόμεθα,οὐ γὰρ τῷ ἀγγέλῳ ἐπείθεσθε,ἐβούλετο μετὰ τῶν ἄλλων ἔρχεσθαι,μετὰ ταῦτα οἱ φίλοι αὐτῷ εἴποντο τῷ δώρῳ ἡδόμενοι,πάντες μετα-πέμπονται ὑπὸ τοῦ σατράπου,ἀλλ᾽ οὐ βούλομαι τοῖς ἐμαυτοῦ φίλοις  μάχεσθαι,"τοῖς μὲν οὖν πειθομένοις ἥδεται, τοὺς δὲ μὴ  μετα-πέμπεται"
καὶ δὴ ἄλλους στρατηγοὺς αἱροῦνται πρὶν ἐπὶ τὴν θάλατταν ἀφ-ικνεῖσθαι,"διὰ φιλίας χώρας ὑμῖν ἡγούμεθα, ἐπεὶ βούλεσθε σπεύδειν",οὗτος ὁ στρατηγὸς μόνος πάντων τῶν στρατιωτῶν ἐπι-μελεῖται,ἀλλ᾽ οὐκ ἐπολέμουν πρὶν πᾶσιν ἔδοξεν,"πρὶν εἰς τὸ στρατόπεδονφυγεῖν, ὑπὸ τῶν βαρβάρων ἡλίσκοντο","ἐπεὶ ἀνὰ χώραν πολεμίαν πορευόμεθα, αἱρούμεθα τούτους τοὺς ἄρχοντας",οὕτως οὖν τῶν ἵππων ἐπι-μελούμενοι πρὸς τοὺς φίλους ἦλθον,"Future and aorist middle are presented in the next lesson, at which time",the forms will be morg intelligible They are given now for convenience,ltgt,"ἀλλ᾽ ἐπειδὴ ταῦθ᾽ αἱρεῖσθε, ὑμῖν εἰς τὴν Ἕλλάδα ἡγοῦμαι"
οἱ δὲ φύλακες ἱκανοὶ ἔσονται δέξασθαι τοὺς πολεμίους,ὀλίγοι ὑπ-ἔσχοντο αὐτῷ ἕπεσθαι,οὐ γὰρ χαλεπὸν ἔσται ἃ παρα-σκευάσασθαι τὴν οἰκίαν,οἱ νέοι παρεσκευάσαντο ὡς τῷ δεσπότῃ ἑψόμενοι,ἐντεῦθεν τῇ στρατιᾷ ἡγεῖτο τὸν ποταμὸν ἐν δεξιᾷ ἔχων,"ἐπειδὴ οὖν ὑμεῖς ἀγαθοὶ ἐγένεσθε, πρό-θῡμος ἐγὼ ἔσομαι οὐ μόνον δῶρα παρ-ἔχειν ἀλλὰ καὶ φίλους ὑμᾶς δέχεσθαι",ὑπὸ πάντων δὴ ἀγαθὸς εἶναι ὡμολογεῖτο
ἀλλὰ πιστεύωμεν τῷ ἀνθρώπῳ ὃν ἔπεμψαν,"ταῦτα ποιοῦμεν, ἵνα ἡμᾶς φιλῆς",μηκέτι  οὖν δι-αρπάζωμεν μήτε τὰς οἰκίᾷς μήτε τὰς σκηνάς,"τῶν δὲ στρατιωτῶν ἀεὶ ἐπει-μελεῖται, ὅππως ἱκανοὶ ὦσιν","ἐπιστολὴν δὲ πέμψουσι τῷ σατράπῃ, ὡς μὴ τοὺς φυγάδας αἱρῇ",μὴ κατα-λίπωμεν τὰ ὅπλα,"τοῦτον δὴ αἱροῦνται στρατηγόν, ἵνα σπεύσωσι πρὸς τὴν Ἑλλάδα","αἵ τε γυναῖκες καὶ οἱ παῖδες φεύγουσιν εἰς τὸ στρατόπεδον, ὅπως μὴ κακὰ πάθωσιν"
"πότε φόβος ἐκωλῡσε τὸν σατράπην τῆς πορείας,","ἐὰν μὴ ὠφελῶνται ὑπὸ Κύρον, οὐκ ἔσονται αὐτῷ φίλοι",ltgt,ἀνάγκη δὲ παρα-σκευάξεσθαι ὡς δεξόμενοι τοὺς πολεμίους,"ἣν δὲ μὴ παριέχηται ἀγοράν, τὸν σῖτον ἁρπάζουσιν","ἐὰν δὲ παρ-έχωνται ἀγοράν, τὰ ἐπιτήδεια οὐχ ἁρπάσομεν","δεῖ ταῦτα παθεῖν, ἵνα ἔχωμεν σοφίαν"
ταῦτα ἔπρᾶττον οἱ ξένοι ἵνα μισθὸν ἔχοιεν,εἰ γὰρ οἱ θεοὶ ἡμῖν ἀργύριόν τε καὶ χρύσίον παράσχοίεν,μήποτε νομίζοιμεν τούς γε θεοὺς ποιεῖν κακά,εἰ γὰρ καλῶς πρἄξειαν ἃ ἐθέλουσιν,"ἀργύριον καὶ χρυσίον οὐκ ἔστι μοι· ὃ δὲ ἔχω, τοῦτο ἔσται σοι","καὶ ὠφέλει αὐτούς, ἵνα δόξειε φίλος εἶναι ἄξιος",ltgt,ἐν τῷ μακρῷ βίῳ οὐκ ὀλίγα πάσχουσι κακὰ καὶ οἱ δίκαιοι
", ἀλλ᾽ εἴ τι ὑπ-ισχνοῖτο τοῦτ᾽ ἐπ-εθύμει πορίσαι","εἰ δ᾽ αὐτοὺς διδάσκοις, ἥδοντο",καὶ ἐκείνους οὐκ ἂν κωλύοι ὁ κινδῦνος,What form does a present general condition assume? (§ ),What form does a future more vivid condition assume? (§ ),This is really a future less vivid condition with the conditional part,omitted,ltgt,ὥστε ἐπ-εθύμουν στρατεύεσθαι μᾶλλον ἢ ἄ-δικοι γενέσθαι,"ἀλλ᾽ ἔδει οἶνον καὶ σῖτον πορίζειν, ἵνα στρατευόμενοι τρέφοιντο","οὗτος ἂν ὑμῖν πορίσειεν, εἴ του ἐπι-θυμοῖσθε",οὐκ ἂν φιλοίη τοὺς ἀ-δίκους δίκαιός τις ὤν,"πῶς γὰρ ἂν ἥδοισθε, εἰ μὴ βουλοίμεθα τὰ ταττόμενα πράττειν :"
"ὅστις δὲ Κύρῳ φίλος γένοιτο, δῶρα ἐλάμβανεν",ὅστις δὲ ἄ-δικος γένοιτο δῶρα οὐκ ἂν λαμβάνοι,"ὅστις δ᾽ ἂν γένηται στρατηγύς, ἕψομαι καὶ ἐπὶ θάνατον","ὅντινα δ'ἂν χρόνον πορεύησθε, ὅδε ἀγορὰν παρ-έχει","καὶ ἔσται αὐτοῖς ἀπ-ελθεῖν, ὅταν βούλωνται","ἀλλ᾽ ἐπειδὴ ἀπ-έθανεν ὁ Κῦρος, οἱ φίλοι οὐκέτι ἐλπίδα σωτηρίας εἶχον",τὸν δὲ βουλόμενον σώσω εἰς τὴν Ἑλλάδα,"οἱ δ᾽ ἵπποι, ὁπότε τις διώκοι, ἔφευγον",οὐδ᾽ ἂν φιλοῖεν ὅστις μὴ καλὰ πρᾶττοι,Mourning ATHENA,The dignified pathos of this bit of,sculpture from the Acropolis is true to the spirit of Greek art It is sup-,posed to be a memorial to those slain in the Peloponnesian War
", ὁ δ᾽ ἄγγελος εἶπεν ὅτι ὁ ποταμὸς ἀ-διά-βατος εἴη",", ἐπύθετο γὰρ τοὺς πολεμίους τὴν γέφῦραν λύσαντας",θαυμάξω εἰ εὑρήσετε τὰ πλοῖα παρ-όντα,ἀλλὰ γνώσεσθε τοὺς φύλακας ἱκανοὺς εἶναι τὸ στρατόπεδον φυλάττειν,πεύσεσθε εἰ ἡ ὁδὸς μακρὰ ἔσται,ἔλεγον ὅτι οὗτοι ἱκανοὶ ἔσοιντο,ἤγγελλον δὲ τοὺς πολεμίους φυγόντας,ταύτην εὑρήσεις κακὴν ὁδὸν οὖσαν,"ἀλλ᾽ εἰ ὑμᾶς ἠσθόμην οὕτως ὀλίγους ὄντας, οὐκ ἂν ἔπεμψα ὑμᾶς ἐπὶ τὴν κώμην",τοῦ δὲ Κύρου ὁ ἠκούσατε τοὺς βαρβάρους κραυγῇ μάχεσθαι,ἀλλ᾽ οὐ γιγνώσκομεν τίνα βουλὴν ποιεῖται,εὑρίσκουσι δ᾽ αὐτοὺς τὰ ὅπλα κλέπτοντας
ἐνταῦθα δὴ οἱ Ἕλληνες τῷ θεῷ ἀγῶνα δεύτερον ἐποίουν,οὕτως οὖν εὐ-δαίμων ἐγένετο ἡ πατρίς,ἐκείνῳ τῷ μηνὶ οἱ ῥήτορες τοῖς πολέταις συν-εβούλευσαν τάδε πράττειν,ὧδε οὖν ἡ quotΕλληνικὴ στρατιὰ τούτους τοὺς μῆνας ὑπὸ Κύρον ἐτρέφετο,"ἐπεὶ ἐκέλευσεν αὐτοὺς μὴ δεῖσαι, ἡγεμόνα ἄλλον ἤτησαν",τοὺς δὲ ὠφελίμους γενομένους εὖ ἂν ποιοίη,τοῖς “ἄλλησι πιστεύσας ἐπὶ τὴν πορείαν ἧκον,What kinds of time relations are expressed by the genitive and the,"accusative (§§ , )?",Defective verb,§,ltgt,τοῖς εὐ-δαίμοσί που πάντα εὖ γίγνεται,οὐδὲ τῇ τρίτῃ ἡμέρᾳ ηὗρον τὰς ἁμάξας ἐπὶ τῇ γεφύρᾳ
ὁ δὲ Κῦρος μέρος τι τῶν στρατιωτῶν σὺν ταῖς τριήρεσιν ἔπεμψεν,πορευόμενοι δὲ διὰ τῶν ὀρέων εἰς πεδίον ἀφ-ίκοντο δένδρων μεστόν,θαυμάζομεν γὰρ εἰ ἀληθῆ εἶπεν ὁ ἄγγελος,ἀδιάβατος οὖν ὁ ποταμός ἐστι τῷ εὕρει,τοῦτο δὲ τὸ γένος ἐμάχετο τῷ πλήθει,τίνι τρόπῳ ἀπὸ τῶν τειχέων ἔφυγον:,"μικρὰ μὲν ἦν Σωκράτει ἡ οἰκίά, οἱ δὲ φίλοι ἀσφαλεῖς",ἐκ τούτου τοῦ γένους ἣν Θεμιστοκλῆς,What uses of the dative have you now had ?,Genitive of material or contents,Dative of cause,ltgt,πρὸς ἐκεῖνον τὸν ποταμὸν ἀφ-ικόμενοι ἀλλήλοις σπονδὰς ἐποιήσαντο
"καὶ ἡ μὲν ἀρχὴ χαλεπή, τὸ δὲ τέλος ἡδύ",ἐνταῦθα οὖν ἡδέως ἂν αὐτὸν αἰτησαίμην πολλά,καὶ πρὸ τῆς μάχης ταχείαις τριήρεσιν ἀφ-ίκοντο ἐπὶ τὸ Κύρου στρατόπεδον,τῇ δὲ τρίτῃ ἡμέρᾳ πάντες πλὴν τῶν ἐν τῇ ἀγορᾷ ἔφυγον,τοὺς δὲ βαρβάρους ἐς ὑπὲρ τὰ ὄρη,ὑπὲρ γὰρ τῆς πατρίδὸς ἀναγκαῖον πολλοὺς κινδύνους ἔχειν,τέλος δὲ πρὸς ἀδιάβατον ποταμὸν ἀφ-ικόμενοι ἐπανσάμεθα,ἐν τούτῳ τῷ ἀγῶνι τὸν ῥήτορω οἵ πολλοὶ εὐθὺς εἴλοντο ἡγέμονα,ltgtApollo with His Lyre,Every phase of Greek life had,its deity Apollo was the god of Musicltgt
"τοῦτο ἔστιν αἴσχιστον, ὅτε ὑμεῖς αἴτιοι ἐγένεσθε τῆς φυγῆς","πολὺν δὲ χρυσὸν ὑπ-έσχετο αὐτοῖς, ὥστε ἦσαν ὅτι προθύμότατοι","ὁπότε δὲ κατὰ τῶν ὀρῶν πορευοίμεθα, τὰ δεινότατα ἐπάσχομεν",ἀλλὰ νῦν οἱ πρὸ ταύτης τῆς μάχης ἀ-πορήσαντες ὡς φοβερώτατοι ἐγένοντο τοῖς πολεμίοις,ταῖς ταχίσταις τριήρεσιν ἐξ-έσται διώκειν τε καὶ ἑλεῖν τοὺς αἰσχρούς,νομίζει τοὺς Ἕλληνας  πιστοτέρους εἶναι τῶν βαρβάρων,Σωκράτης δίκην ἐφίλει μᾶλλον ἢ σωτηρίαν,"οἱ δὲ ποταμοὶ ἄ-ποροι ἔσονται ἡμῖν, ἣν τὰς γεφύρας λύσωσιν"
τοῦ δὲ ἀγαθοῦ πολίτου  ἐστὶ τὰ ἄριστα καὶ λέγειν καὶ πρᾶἄττειν,οὐκ ἐλάχιστὸν ἐστι σοφίας μέρος σαυτὸν γιγνώσκειν,ἐπορίσαντο δ'οὖν σῖτον ὀλίγῳ πλείω,τούτους μέντοι τοὺς σταθμοὺς πολλῷ μακροτέρους ἐποίει,ἡ δὲ γυνὴ προτέρα Κύρου ὀκτὼ ἡμέραις ἦλθεν,ἐνόμιζε δὲ τοὺς Ἕλληνας ἀμείνους εἶναι πολλῶν βαρβάρων,τί κάλλιον ἣ ὑπὲρ τῆς πατρίδος ἀπο-θανεῖν,ἀλλὰ σὺν μείζονι στρατιᾷ ἐπορεύετο ἢ ὡς ἐπ᾽ ἐκείνους,ἐκέλευσε τοὺς στρατηγοὺς τὰ ἐπιτήδεια λαβόντας ὡς πλεῖστα παρ-εῖναι,"οὗτοι οἱ ἵπποι μῖκρότεροι μὲν ἦσαν, κρείττονες δέ",ltgtἈριστίων,A warrior of Marathonltgt
"ἐπεὶ γὰρ ἐγγύτερον ἐγένοντο, πολὺ θᾶττον ἐδίωκον τοὺς πολεμίους",τέλος δὲ ταῦθ᾽ ὡς ἥδιστ'ἂν ἐπ-αινοίην,"νῦν δὲ ἐὰν καλῶς πράξωμεν, πολλῷ πλέον ἕξομεν κράτος",ὑμεῖς δὲ εὖ παθόντες  ὑπ᾽ αὐτοῦ δικαίως ἂν φύγοιτε τὴν αὐτὴν φυγήν,"This use, and that of adjectives as cognate accusatives, illustrates the suitability of the accusative case of the adjective as the form of the adverb",What uses of the accusative have you now had?,Fare Compare How do you do?,πάσχω is often used as the passive of ποιέω and as such takes the constructions of a passive verb,ltgt,ltgtὁ κράτιστος,"This charioteer, found at Delphi, marks a victory in the Pythian Games",It is the most famous work in bronze remaining from the best period of,Greek artltgt,ltgt,ἀλλ᾽ εἰ ὅτι μάλιστ᾽ αὐτὸν ἐπαινοῖτε͵ οὐκ-έτι ἂν φίλους ὑμᾶς νομίζοι,τούτον ἡγουμένου ῥάδιον ἔσται πάνυ ἀσφαλῶς πορεύεσθαι,"τὴν στρατιὰν μέντοι ἐγγὺς τοῦ ποταμοῦ εἶχεν, ἵνα μὴ ὄπισθεν γένοιντο οἱ",πολέμιοι,κρατήσαντες οὖν πολὺ πολὺ προθῡμότερον ἐπορεύντο ἢ τὸ πρόσθεν (,καὶ τοῦτ᾽ οὐχ ἥκιστα αἴτιον τῆς φυγῆς ἐγένετο,οἱ γὰρ ἐκ τοῦ στόματος τὰ ὅπλα ῥίψαντες ἀνὰ κράτος  ἔφνγον
ἀλλ᾽ οὐκ ἔστι τοῖς φίλοις βοη-θεῖν,"πολλοὶ τῶν ἱππέων ἐξ-επλήττοντο, ὥστε ἀνὰ κράτος ἔθεον",ἡ ἀνά-βασις ἦν ἐπὶ βασιλέα,αἱ δ᾽ οὖν βασιλέως νῆες οὔπω ἥκουσιν,"καὶ οἱ βάρβαροι, ὅταν πρὸς μάχην ἔρχωνται, κραυγῇ θέουσιν",εἰς δὲ τὴν ναῦν εἰσ-πεσόντες πάντας πλήξομεν,καὶ μάλα ἡδέως ὁ ῥήτωρ ἦρχε τοῦ λόγον,"εἰ μὴ ἐν τῇ ἀνα-βάσει ἀπ-έθανεν ὁ Κῦρος, ἐβασίλευσεν ἄν",ποῦ τῆς πόλεως ἦσθα ὅτε τῆς σάλπιγγος ἤκουσας:,πότερον ἐβασίλευε πολὺν χρόνον ἢ οὔ,"τὸ τούτου τοῦ ποταμοῦ στόμα ἦν στενώτερον, ὥστε ταῖς ναυσὶν ἄ-πορον εἶναι  τῷ δ᾽ ἀδελφῷ, βασιλεῖ ὄντι, ἥξουσι πολλοὶ ἐκ τῶν πόλεων ὡς βοηθήσοντες",() Write in Greek :,Why did the triremes not flee more rapidly ?,They fought a very hard battle,"When there was (there being) danger, we proceeded (by) the quickest road",The captain arranged his company as well as possible,They were very near to the camp before they perceived that the enemy were no longer in their rearltgt,ltgt,ltgtA HEADSTRONG YOUTH,ἔτι δὲ παῖς ὧν ἔπαιξεν (was playing) ὁ Ἀλκιβιάδης,"ἀστραγάλοις (dice) ἐν ὁδῷ στενῇ, τῆς δὲ βολῆς (throw)",καθ-ηκούσης εἰς αὐτὸν ἅμαξα ἐπ-ήρχετο πρῶτον μὲν οὖν,ἐκέλευε παύσασθαι τὸν τὴν ἅμαξαν ἄγοντα: ὑπ-έπιπτε γὰρ,ἡ βολὴ τῇ παρ-όδῳ τῆς ἁμάξης οὐ πειθομένου δ᾽ ἐκείνου,"ἀλλ᾽ ἐπ-άγοντος, οἱ μὲν ἄλλοι παῖδες ἔφευγον, ὁ δ᾽ Ἀλκιβιάδης","βασιλεύς, where it refers to the Great King of Persia, commonly omits the",article,ltgt,"κατα-πεσὼν ἐπὶ στόμα πρὸ τοῦ ἵππον ἐκέλευεν οὕτως,","εἰ βούλεται, δι-εξ-ελθεῖν, ὥστε ὁ μὲν ἄνθρωπος δείσας ἀν-","ἔκρουσε (backed up) τὸν ἵππον, οἱ δὲ παρόντες τῷ πράγματι",ἐξ-επλήττοντο καὶ σὺν κραυγῇ ἐβοήθησαν αὐτῷ,"Adapted from Plutarch, Alcibiades,",ltgtἱππεὺς Ἀθηναῖος,This slab from the Parthenon Frieze portrays a member of the City Troop,about to mount for the Panathenaic processionltgt,ltgt,ltgtWord-formation
ἡ δὲ μήτηρ ἐφίλει Κῦρον μᾶλλον ἢ τὸν βασιλεύοντα Ἀρταξέρξην,ἡ δὲ στρατιά μου οὕτως ἐτρέφετο,"τὸν δὲ γέροντα, πατέρα ὄντα αὐτοῦ, ἰσχυρῶς ἐφίλει","τούτῳ τῷ ἀνδρὶ συμ-βουλευσόμεθα, ἐπειδὰν εἰς τὴν ἐμὴν χώραν ἀφ-ικώμεθα",τοῦ δὲ πατρὸς κάλλιστα ἐπ-ἐμελεῖτο,καὶ δὴ οἱ ἡμέτεροι πατέρες ἄνδρες ἀγαθοὶγενόμενοι τὴν “Ελλάδα ἔσωσαν ἡμῖν,τοῦ δὲ δεξιοῦ κέρως Κλέαρχος ἡγήσεται,νυκτὸς γενομένης πρὸς τὸ πῦρ ἔθεον,σώματα δ᾽ ἔχομεν κρείττω τῶν ὑμετέρων,"εἰ μὴ ἥρπασαν τὰ ὅπλα τά τε ὑμέτερα καὶ τὰ ἡμέτερα, ἐδιώκομεν ἂν αὐτούς","ἐν Θερμοπύλαις πάντες καὶ οὐχ ἥκιστα αὐτὸς βασιλεὺς ηὗρον τοὺς Μήδους πολλοὺς μὲν ἀνθρώπους ὄντας, ὀλίγους δὲ ἄνδρας"
"καὶ ὅτῳ ταῦτα δοκεῖ, λαβὼν τὰ ὅπλα ἐλθέτω εἰς τὸ πρόσθεν",μὴ ἀπ-άγγελλε τοὺς ἱππέᾱς ὄντας ἐλαχίστους,"λέξον δ᾽, ἔφη, καὶ σύ, ὦ Ξενοφῶν, ἃ  καὶ πρὸς ἡμᾶς",μὴ ἐλπίσητε ἐμὲ χείρονα ἔσεσθαι περὶ ὑμᾶς ἢ ὑμᾶς περὶ ἐμέ,θαρρεῖτε δὲ πρὸς τὴν ἀνά-βασιν,"πρὸς δὲ τοὺς ἱππέας ἔφη, Ἀνδρες ἀγαθοὶ ἔστε, ἵνα ἄξιοι γένησθε τῆς ἐλευθερίας","τῶν δὲ ἀμφοτέρων θάτερον χρὴ ποιεῖν, ἢ ἕπεσθαί μοι ἢ μηκέτι νομίζειν μὲ στρατηγὸν εἶναι",ἀλλὰ μὴ ἐπ-αινέσῃς τοὺς αἰσχροὺς ῥήτορας,"ἀνατείνετε τὴν χεῖρα, εἰ ἐπ-αινεῖτεltgt",ltgt,ltgtSALAMIS,The battle of Salamis was the greatest sea fight in which,the Greeks ever engaged It marked the culmination of,"patriotic devotion on the part of Athens Aeschylus, in","his play The Persians, gives a graphic deseription of the",fight The city had been abandoned to the invader The,"old men, women, and children had been removed to places","of safety, and the fighting men were with the fleet",ltgt,ltgt,ltgt,ltgtPOET AND PATRIOT,"The epitaph of that same Auschylus, written by himself,",is notable in that it contains no word of his supreme,"genius as a dramatist, but dwells wholly on his valor at",Marathon,Αἰσχύλον Εὐφορίωνος Ἀθηναῖον τόδε κεύθει,μνῆμα κατα-φθίμενον πῡροφόροιο Γέλας·,Ἀλκὴν δ᾽ εὖ δόκιμον Μαραθώνιον ἄλσος ἂν εἴποι,καὶ βαθυ-χαιτήεις Μῆδος ἐπιστάμενος,F G Allinson thus translates the lines:,"Aeschylus, son of Euphorion, here an Athenian lieth,",Wheattields of Gela his tomb waving around and above,"Marathon#s glebe-land could tell you the tale of his valor approved,","Aye and the long-haired Mede knew of it, knew of it wellltgt",ltgt,ltgt“DRINK TO ME ONLY”,Εἰμὶ μὲν οὐ φιλό-οινος· ὅταν δ᾽ ἐθέλῃς μὲ μεθύσσαι (make,drunk),πρῶτα σὺ γευομένη (tasting) πρόσ-φερε καὶ δέχομαι -,Εἰ γὰρ ἐπι-ψαύσεις (touch) τοῖς χείλεσιν (lips) οὐκέτι,νήφειν (be sober),"εὐμαρές (easy), οὐδὲ φυγεῖν τὸν γλυκὺν (sweet) οἰνο-χόον",(χέω= pour),Πορθμεύει (brings) γὰρ ἔμοιγε κύλιξ (cup) παρὰ σοῦ τὸ,"φίλημα,",καί μοι ἀπ-αγγέλλει τὴν χάριν ἣν ἔλαβεν,This six-line poem of an obscure poet in the Greek,Anthology was the inspiration of Ben Jonson’s famous,Drink to me only with thine eyes Compare the two,ltgt,ltgt,ltgt,ltgt,ltgt,οὐδὲν γλύκιον ἣς πατρίδος,Nothing is sweeter than one’s native land,"Homer, Odyssey,  ltgt",ltgt,ltgtThe imperative middle and passive has an entirely,"regular formation in the present tense, the o of the second","person singular, as usual, dropping out between two vowels,",which then contract,Present Imperative Middle and Passive or παύω I stop,"Inflect the present imperative middle and passive of φιλέω, observing the rules for contraction and accent ($) Compare with",paradigm (§ )ltgt,ltgt,ltgtThe second aorist imperative middle has the same,"endings as the present, except that it has a circumflex on",the ultima in the second person singular,Second Aorist Imperative Middle or λείπω I leaveltgt,ltgt,"ltgtThe first aorist imperative middle has a peculiar ending in the second person singular, as did the same form of the first aorist imperative active",The perfect imperative middle and passive is not given because of its,great rarity,ltgt,First Aorist Imperative MIppie or tate,Inflect the present and aorist imperatives of μετα-πέμπομαι and,ἀφ-ικνέομαιltgt,ltgt,ltgtVOCABULARY,"ἀλλάττω, ἀλλάξω, ἤλλαξα: change PARALLAX, HYPALLAGE","ἤδη, adv: now, already","μέσος, μέση, μέσον: middle τὸ μέσον: the middle MESOPOTAMIA","ἄνω, adv: up Cf ἀνά","αὖ, adv : again, on the other hand","στράτευμα, στράτευματος, τό: army Cf στρατεύω","ἐκεῖ, adv : there","ἔνθα, adv: there, then, where","στρέφω, στρέψω, ἔστρεψα: turn (rel) STREPTOCOCCUS, STROPHEltgt",ltgt,ltgtEXERCISES
"καὶ νῦν, ἔφη, μὴ μέλλωμεν, ὦ ἄνδρες, ἀλλ᾽ ἀπ-ελθόντες ἤδη αἱρεῖσθε οἱ δεόμενοι ἄρχοντας, καὶ ἑλόμενοι ἥκετε εἰς τὸ μέσον τοῦ στρατοπέδου","ἀλλά, εἰ βούλει, μένε ἐπὶ τῷ στρατεύματι, ἐγὼ δὲ πορεύσομαι· εἶ δὲ βούλει, σὺ μὲν πορεύου ἐπὶ τὸ ὄρος, ἐγὼ δ᾽ ἐθέλω μένειν","ἀνα-στρεψάμενοι, δὲ αὖ ἀπ-αλλάττεαθε ἀπὸ τούτου τοῦ χωρίου",φύλαξαι δὲ μὴ κακίων δοκῇς τοῦ γέροντος,μὴ ἕλησθε τὰ ἐκεῖ μᾶλλον ἢ τὰ παρ᾽ ἐμοί,"ἵνα δὲ πύθῃ περὶ τῶν ἄνω, μετά-πεμψραι τὸν πιστὸν ἡγεμόνα",A verb of three syllables has an accent on the antepenult in the second,"person singular, first aorist imperative middle: κέλευσαι It must be care-","fully distinguished from κελεῦσαι, first aorist infinitive active, and from","κελεύσαι, third person singular, first aorist optative active, which, however, is",usually replaced by κελεύσειε,ltgt
"πρὸς ταῦτα ἀπο-κρινούμεθα, ἐπειδὰν ἥκῃ τις ἀγγελῶν τὰ περὶ τῆς μάχης","ἀλλὰ τοῦτο δεῖ σκοπεῖν, ὅπως μὴ τὴν ἀρετὴν ἀπο-βαλεῖτε ἣν ἐλάβετε παρὰ τῶν πατέρων ὑμῶν",παρα-σκευασόμεθα δ᾽ ὅπως ταύτης τῆς γῆς φανούμεθα ἄξιοι εἶναι,"τῶν δὲ φίλων ἐπι-μελοῦμαι, ὅπως τὰ ἐμὰ μᾶλλον ἢ τὰ παρὰ βασιλεῖ ἕλωνται",ὑμᾶς δὲ κρίνω πολλοῦ ἀξίους εἶναι,σκέψεται δ᾽ ὅπως ἄνδρας ὅτι ἀρίστους λήψεται,"δεῖ δ᾽ ἡμᾶς ἐπι-μελεῖσθαι ὅπως ἄξιοι εἶναι φανούμεθα ταύτης τῆς ἐλευθερίας  οὐ γὰρ τούς γ᾽ ἐλευθέρους ἀπὸ κτενεῖτε, μὴ φανεροὶ γένησθε κακοὶ ὄντεςltgt",This happens even after secondary tenses,"For the aorist of this verb, see §",Contract noun: hence ῆ in all forms,"Rare in present and imperfect, in which tenses σκοπέω is used",Present and imperfect only,Genitive of value,ltgt
ἐμοὶ δὲ μελήσει ὅπως ἐν καιρῷ ἀφ-ιξόμεθα,φοβεῖται μὴ οὐχ οἱ ἐκ τοῦ δεξιοῦ κέρατος δράμωσιν ἐπὶ τὸ ἄκρον,οὐκ ἔστι ῥάδιον τὴν σὴν βουλὴν μαθεῖν,ἐφοβούμεθα μὴ ὁ λόχος χαλεπήνειεν ἡμῖν,εἴθε ἐπ-αινοῖεν τὸν θυμὸν τὸν τῆς βασιλείας,τοῦ δὲ Κύρον βασιλεὺς τήν τε κεφαλὴν καὶ τὰς χεῖρας ἀπ-έτεμεν,τῆς νυκτὸς ἡμῖν ἦν φόβος μὴ μάθοιεν ὅπου ἐστὶ τὸ χρυσίον,ὥρα ὑμῖν σκοπεῖν πότερον ἐμοὶ ἕψεσθε ἢ οὔ,καὶ ἔμελλον οἱ κράτιστοι δραμεῖσθαι κατὰ τῶν ὀρῶν
ἐνταῦθα παρὰ τὸν ποταμὸν πόλις Ἑλληνικὴ ᾧκητο εὐδαίμων καὶ μεγάλη,"καὶ ἕως γε ἐκεῖ μένετε, σκεπτέον μοι δοκεῖ ὅπως ὡς ἀσφαλέστατα μενεῖτε","ἐὰν δὲ εὖ γένηται τί, οὐ μεμνήσεσθσαί σε φᾶσιν",τὸ δὲ σῶμα αὐτοῦ ἐνταῦθα τέθαπται ὅπου ἀπ-έθανε μαχόμενος,οὐκέτι μέντοι διὰ τὸν χρόνον πτολὺν ὄντα πάντα μέμνημαι,οὗτος δὲ κακίων γενόμενος τῶν ἄλλων τῷ στρατηγῷ ἠ-τίμαστο,πορευτέον δ᾽ ἡμῖν πολλοὺς παρασάγγᾱς πρὶν εἰς τὴν τάφρον ἀφ-ικέσθαι,οὗτος ὁ τάφος τῑμῆς  μεγάλης ἐπεποίητο,σπεύσει ὁ λόχος ἕως ἂν φανερὰ γένηται ἡ τάφρος,"Because three μ#s are unpronounceable, one μ is dropped",Future perfect = future,Genitive of price,ltgt
οἱ Ἀθηναῖοι τῶν πολιτῶν ἐδεήθησαν τριήρεις πέμψαι ὡς πλείστας,κατὰ φύσιν νόμος ἐστὶν ὁ πάντων βασιλεύς,"διὰ τὸ εὗρος τὸ τοῦ ποταμοῦ πολὺς χρόνος δι-ετρίβη ὑπὸ τῶν διωκόντων, ὥστε οἱ φυγάδες ἐξ-ἐφυγον","ἐπιστολὴ δὲ γραφήσεται παρὰ βασιλέᾶᾷ, ἐπὰν ἢ καιρός",λαβὼν τὰ παλτὰ εἰς τὰς χεῖρας ἐβοή-θησε τῷ ἥττονι,"ὦ ἄνδρες, ἐάν μοι πεισθῆτε, ἐν τῇ μεγίστῃ τιμῇ ἔσεσθε",ἐξοπλισθέντες οἱ κράτιστοι οὐ δεδοίκᾶσι μὴ κακὰ πάθωσιν,ἀ-μελοῦντες κινδύνου οὐκ ἤθελον εἰς φυγὴν τραπῆναι
Ἀρίστιππος δὲ Κῦρον αἰτεῖ μισθὸν εἰς δισ-χιλίους ξένους καὶ τριῶν μηνῶν,ἐντεῦθεν ἐξ-ελαύνει διὰ τῆς Λυδίας σταθμοὺς τέτταρας παρασάγγᾶς εἴκοσι καὶ δύο ἐπὶ τὸν Μαίανδρον ποταμόν,ἐνταῦθα ἐπὶ τῇ τάφρῳ ἔμεινεν ἡμέρας ἑπτά,ἡ δὲ γυνὴ προτέρᾷ Κύρου ἕξ ἡμέραις ἀφέκετο,"ἐντεῦθεν ἐξ-ελαύνει σταθμοὺς τρεῖς παρασάγγας ὀκτω-καί-δεκα ἐπὶ τὸν Εὐφράτην ποταμόν, ὄντα τὸ εὗρος  τεττάρων σταδίων",ἔστι δὲ τριάτκοντα ἡμερῶν ὁδὸς ἀπὸ τῆς ἡμετέρας πόλεως,What uses of the genitive have you now had ?,"Accusative of respect (page , note )",ltgt
"ὅμως οὐδὲν ὑπ᾽ ἐμοῦ ἀ-δικούμενος, ἀπο-στᾶς εἰς τοὺς πολεμίους κακῶς ἐποίεις τὴν ἐμὴν χώραν ὅ τι ἐδύνω",τὰ δὲ ἄλλα ῥίψας εἰς τὸ πῦρ ἀν-έβη τε τὸν ἵππον καὶ ἀπ-ήλαυνεν,ἐγὼ οὖν φημι χρῆναι ὑμᾶς δια-βῆναι τὸν Εὐφράτην ποταμὸν πρὶν φανερὸν εἶναι ὅ τι οἱ ἄλλοι Ἕλληνες ἀπο-κρινοῦνται,ἔπειτα στρέψας ἀπ-έστειλεν ἄνδρας οἳ ἀνὰ τὰ ὄρη ἔδραμον ῥᾳδίως,ἐφοβούμην δὲ μὴ οὐ τὸ πεδίον δια-βαίησαν δρόμῳ,ἀλλ᾽ ὅμως στήσας τὸ ἅρμα ἐπυνθάνετο ποῦ εἶεν οἱ ἱππεῖς,ἀπο-θανόντος τοίνυν τοῦ Δαρείου ὁ μὲν πρεσβύτερος εἰς τὴν ἀρχὴν κατ-έστη,"ἐὰν δὲ ἀπο-στῶ πρὸς αὐτόν, δῶρά μοι ἴσως πολλοῦ ἄξια πέμψει"
ἤδη ἵεντο ὥσπερ ἂν δράμοι τις τοῦ σώματος ἕνεκα,"τῶν δὲ Μένωνος στρατιωτῶν τις ξύλα σχίξων (compare SCHISM) ὡς εἶδε Κλέαρχον δι-ελαύνοντα, ἵησι τῇ ἀξένῃ  (ax)",ἀλλ᾽ ἅμα ἰδὼν τὰν ἀδελφὸν ἵετο ἐπ᾽ αὐτόν,φοβούμεθα γὰρ μὴ ἅμα τῇ ἡμέρᾳ ἡμῖν ἐπι-τιθῶνται,οὐδεὶς τῶν Ἀθηναίων τοιαύτην σοφίαν εἶχεν οἵαν Σωκράτης,τὰ δὲ ὅπλα εἰς τὰ πλοῖα τιθέασιν,ἔφασαν τοίνυν αὐτοὺς τὰ ὅπλα εἰς τὰ πλοῖα τιθέναι,τούτου ἕνεκα ἀφ-ἴᾶσι τοὺς ἵππους,"ἐπειδὰν δὲ ἅπαξ τοσαύτην πόλιν λάβωμεν, οὐ δεήσει ἀνδρῶν ἕνεκα δεδοικέναι"
", οὐκ ἔτη πολλὰ ἔτυχε στέφανον ἔχων",ὥστε πᾶσαν τὴν ὁδὸν ἔσπευδε καὶ οὐ δι-έτριβεν εἰ μὴ σέτον ἕνεκα,ἢ ἄλλου τινὸς σπουδαίου,ἔπειτα οὐδενὸς ἀντι-λέγοντος οἱ ἄλλοι προσ-έθεντο ταύτῃ τῇ βουλῇ,ἀφ-εὶς δὲ τοὺς ἐχθροὺς τούτῳ μόνῳ συμ-βουλεύσεται,σπουδῇ τοίνυν πολλῇ τὰ ὅπλα εἰς τὰς ἁμάξας ἔθεμεν,"καὶ γὰρ ἔργῳ δῆλον ἐποίει ὅτι οὐκ ἄν ποτε προ-εῖτο, ἐπεὶ ἅπαξ φίλος αὐτοῖς ἐγένετο","ἐπαύσατο θύων, ἐπεὶ ὁ ἐχθρὸς ἀφ-ίκετο",τὴν δίκην ἔφη βούλεσθαι ἐπι-θεῖναι τοῖς ἐχθροῖς,ἡ δὲ γυνὴ ἀπ-ήγγειλε τοὺς ἄνδρας τὸν τάφον ἀ-τμάζοντας,νείμᾶς οὖν τὰ ὅπλα ὁ λοχαγὸς ἐκέλευσε τοὺς ἄνδρας ἐπι-θέσθαι
τέλος δὲ Κῦρος δίδωσιν αὐτῷ εἰς ἑξα-κισ-χιλίους στρατιώτας καὶ ἐξ μηνῶν μισθόν,τί φῶ τοῖς ἐχθροῖς,ἀλλὰ ἐν τοιούτῳ καιρῷ φοβοίμην ἂν εἰς τὰ πλοῖα ἐμβαίνειν ἃ ἡμῖν διδοίη,ὁ δὲ καίπερ ἐθέλων ἀπο-διδόναι οὐκ ἐδυνήθη,"ἄρα αἰτήσωμεν ἡγεμόνα, ἐὰν μὴ οὗτος πλοῖα διδῷ",εὖνοι ἄρ᾽ ὄντες τοῖς “Ελλησι τὰ ἐπιτήδεια ἀπ-εδίδοσαν,ὑπ-ισχνεῖται δὲ στέφανον κάλλιστον ἑκάστῳ δώσειν,"ὁπότε δέ τινα εὕροι χρήματα πολλὰ ἐκ τοῦ δικαίου λαμβάνοντα, οὔ-ποτε οὐδένα ἀφ-ῃρεῖτο, ἀλλ᾽ ἀεὶ προσ-εδίδου",ἀλλὰ τί πράξωμεν: δι’ ἐρήμης γὰρ χώρας ἐλαύνοντες οὔτ᾽ ἀγορὰν ἕξομεν οὔτε τὸν ἡμῖν τὰ ἐπι τήδεια διδόντα
ὥφελον μὴ ἐν-νοῆσαι ἡμᾶς ἀ-τίμάζειν,"εἴθε κέρδος νομέζοι, ἐὰν ἅμα καὶ Σωκράτης παρ-ῇ",εἰ γὰρ μὴ ἐσκέψατο ὅπως κρατήσει ἀντὶ τοῦ ἀδελφοῦ,ὥφελε μὴ τὴν τοῦ ἐχθροῦ κεφαλὴν ἀπο-τεμεῖν,ἀκούσαιεν ὑμᾶς εὔτνους ὄντας τοῖς “Ελλησιν,εἰ γὰρ τοσαύτην δυναμιν εἰχον
ἀλλὰ μὴν ἠρώτησεν εἰ αὐτοῖς οὐ μέλει ἐκείνης τῆς μηχανῆς,", ἀκούσαντες τῆς σάλπιγγος ἵεντο ἄνω κατὰ τὴν φανερὰν ὁδόν","καίπερ εὔνους οὐκ ἧρχε τοῦ λόγου, ὅπερ ἐβούλοντο",τοῦ ἄρχοντος τελευτήσαντος μηχανῶνται ὅπως τεύξονται τῆς εἰρήνης,ἐλθόντες αὖ ἐπὶ τὰς θύρας ἀπ-ήτησαν μισθὸν τεττάρων μηνῶν,"δέονται δέ σου καὶ τοῦτο, ἑκάστῳ τῶν Ἑλλήνων τὰ ἄξια νεῖμαι",τούτων οὖν ἕνεκα κῦρος μᾶλλον ἐτιμᾶτο ὑπὸ τῶν Περσῶν ἢ ὁ ἀδελφός
"εἰ δὲ νικῴη, εἰδείη ἂν ὅσους χρὴ τιμᾶν",Τισσαφέρνει δ᾽ ἐνόμιζε πολεμοῦντα Κῦρον ἀμφὶ τὰ στρατεύματα δαπανᾶν,ἐν ταύτῃ τῇ κώμῃ παρ-αγγέλλει Κλεάρχῳ λαβόντι ἥκειν ὅσον ἣν αὐτῷ στράτευμα,ἀρ’ ἡμῖν νικήσασιν ἀ-δύνατον ἔσται βίᾳ παρ-ελθεῖν,ἀλλ’ οἱ ἔξω οὐκ ἀπο-δραμοῦνται· οἷδα γὰρ ὅπου φεύγουσιν,ὥστε ἤχθοντο  αὐτοῖς ὡς ταῦτα πάλαι εἰδόσιν,μετὰ τὴν νίκην τοὺς ὠφελίμους γενομένους δώροις καλλίστοῖς ἐτίμα,πάντων δὴ οὓς ἴσμεν πολλῷ βασιλικώτατος ἐγένετο,ltgtTHE VICTORY OF SAMOTHRACE,This noble statue commemorating a,naval victory shows the goddess poised on,a vessel#s prow In her right hand she,once held a trumpet to her lips Compare,"the Victory of Paeonius, page ltgt"
ἄρ᾽ οὐ ξύλοις ἐχρῶντο ταῖς ἀσπίσιν,"τοῦτο οὖν αἰτιῶμαί σε, ὅτι οὐκ εἴᾶς αὐτοὺς εἰς τὴν τάξιν ἰέναι",καὶ πρὸς τὰς θύρας ἰόντες ἀπ-ήτουν τὸν Κῦρον τὸν μισθόν,καὶ μὴν τὴν τάφρον ἐπειρῶντο παρα-τείνειν ἄνω διὰ τοῦ πεδίου ἐπὶ δώδεκα παρασάγγας,ἀφτ-ΐκοντο δ᾽ εἰς πόλιν εὐδαίμονα Σόλους  τὸ ὄνομα,ὑπ-οπτεύσει δὲ τὸν μάντιν ἐλπίδας τινὰς ἔχειν,τὸν δὲ κήρῡκα πρὸς βασιλέα ἀπο-στέλλει τὴν ταχίστην ὁδόν,καὶ ἅμα στρατηγοὶ πέντε ἀπο-τμηθέντες τὰς κεφαλᾶς ἐτελεύτησαν
στρατηγὸν δὲ ἀπο-δείκνῦσιν αὐτὸν πάντων ὅσοι εἰς Καστωλοῦ πεδίον ἀθροίζονται,ἀλλ᾽ ὅμως γέφύρα ἐπ-ῆν ἐξευγμένη ἑκατὸν πλοίοις,ἔφασαν δέ τινες τούτους τοὺς στρατιώτας ὑπο-λειφθέντας ἀπ-ολέσθαι,ὑπὲρ τὸν ὀφθαλμὸν πληγεὶς ἀπ᾿ ἔθανεν,καὶ ὅρκον μέγαν ὀμνύασι τοὺς νεκροὺς ἀνα-χαβόντες θάψειν,ἥδονται δὲ ἀπο-δεικνύντες ὅτι πολλῷ ἀμείνους εἰσὶ τῶν βαρβάρων,ἄρ᾽ οὐκ ἂν φοβοῖσθε μὴ ἀπ-ολλύῃ τὰς βοῦς,κελεύω σε δεικνύναι ἡμῖν ὅπου εἰσὶν αἱ εἴκοσι νῆες,"ἐν-νοεῖτε δὲ καὶ τόδε· εἰ μή που ταῦτ᾽ ὥμνυτε, οὐκ ἂν ὑμῖν ἐπιστεύομεν",() Write in Greek:,They appoint him leader because of his bravery,The man swears a great oath that he will inflict punishment on his opponents,"Not being able to tind the road, the captain perished",By every art they are trying to bridge the riverltgt,ltgt,ltgtNO MATCH FOR SOCRATES,ἀφ-ικόμενος γὰρ Ἱππίᾱς παρ-εγένετο Σωκράτει λέγοντι,"ὡς θαυμαστὸν (compare with θαυμάζω) εἴη, ὅτε εἰ μέν τις","βούλοιτο τέχνην διδάξασθαί τινα, οὐκ ἀ-πορεῖ ὅποι ἂν πέμψας","τούτου τύχοι, εἰ δὲ τὸ δίκαιον βούλοιτο διδάξασθαι, τότε","ἀ-πορεῖ καὶ ὁ μὲν Ἵππίᾱς ἀκούσας ταῦτα ὥσπερ ἐπισκώπτων (compare SCOFF) αὐτόν, τι γὰρ σύ, ἔφη, ὦ","Σώκρατες, ἐκεῖνα τὰ αὐτὰ λέγεις ἃ ἐγὼ πάλαι ποτέ σου","ἤκουσα  καὶ ὁ Σωκράτης, Ὃ δέ γε τούτου δεινότερον, ἔφη,","ὦ Ἱππίᾱ, οὐ μόνον ἀεὶ τὰ αὐτὰ λέγω ἀλλὰ καὶ περὶ τῶν",αὐτῶν· σὺ δ᾽ ἴσως πολυ-μαθὴς ὢν περὶ τῶν αὐτῶν οὐδέποτε,See sentence  in
"οὕτως αὖ ἐδήλου ὅτι οὐκ ἂν αὐτοὺς προ-δοίη, οὐδ᾽ εἰ πολλῷ ἐλάττους τὸν ἀριθμὸν γένοιντο",ἔδοξε αὐτοῖς ἀξιοῦν πλείονα μισθόν,ὥστε ἠξίουν αὐτὸν μὴ ἑκόντα ἐξ-απατᾶν,κατὰ τὴν ὀρθὴν ὁδὸν ὁρμώμενος πάνθ᾽ ὅσα ἐβούλετο ἐκτήσατο,"οὐ ῥᾳδίως ἂν ἡττήθησαν, εἰ μὴ ὁ ἥλιος ἐξ-έλιπεν","εἰ δὲ δή ποτε πορεύοιτο καὶ πλεῖστοι μέλλοιεν εἰς αὐτὸν ἀπο-βλέψειν, προσ-καλῶν τοὺς εὔνους σπουδαίως δι-ελέγετο, ὡς δηλοίη οὺς τιμᾷ","καὶ δὴ ὅτου μάλιστα ὁρῴη ἕκαστον δεόμενον, δῆλος ἦν πειρώμενας παρ-έχεσθαι  ἐὰν δὲ βασιλέᾱ ἐξ-απατᾷ, φοβοῦμαι μὴ ἀξιοῖ τοὺς “Ἑλληνας ἀπο-κτεῖναι"
τοὺς δὲ ἐναντίους ἐπειρῶντο φθάνειν τὰ ἅρματα ζεύξαντες,καὶ ὑμεῖς αἴτιοι ἔσεσθε τοῦ τὰ βασίλεια διαρπάζειν,"ἀλλ᾽ οὐκ ἔσται τὸν λύφον κτᾶσθαι, ἐὰν μὴ πελταστὰς περὶ τὸ ἄκρον κύκλῳ ἱστῆτε","καὶ ὅσᾱς ἔλαβον κώμᾱς πᾶσᾱς ηὕρισκον μεστὰς οὔσᾱς σίτου καὶ οἴνου, ὥστε μὴ δεῖν τὰ ἐπιτήδεια ὠνεῖσθαι",ltgt,"πρὶν μέντοι εἰς τὴν μάχην ἰέναι, πάντες οἱ Πέρσαι ὁπλίζονται θώραξι καὶ",ἀσπίσι καὶ λόγχαις,"ὁ δὲ λόφος κύκλῳ ἐστὶ πάνυ ὄρθιος, ὥστε οὐκ ἔστι τοῖς ἵπποις χρῆσθαι",ἐκέλευσε γὰρ τοὺς Ἕλληνας θέσθαι τὰ ὅπλα,"τότε δὴ πρὶν πορευθῆναι πλέον ἢ τρεῖς παρασάγγᾶς, τοὺς ἱππέᾶς ἦν ὁρᾶν",βέλτιστον εἶναι ἔφασαν τὰς λόγχᾶς ῥῖψαι εἰς τὸν λιμένα
"καύσωμεν οὖν τὰς ἁμάξας καὶ τὰ ἐπιτήδεια, ὅσων ἂν μὴ δεώμεθα",μὴ ἀπο-στερήσῃς ἡμᾶς φίλους ὄντας τὴν ἡμετέραν ἐλευθερίᾱν,ἀθρόοι ἴωμεν ὄρθιοι ἐπὶ τοὺς πελταστᾶς,φοβοῦνται ἄρα μὴ πολιορκηθῇ ἡ ἑαυτῶν πόλις,"ἐὰν δὲ θόρυβον ἱστῆτε, παρ-όντας ὑμᾶς πεύσονται","ὅστις ἂν ἑκὼν Κῦρον κακῶς ποιῇ,  τιμωρεῖσθαι πειρᾶται","ἐὰν δὲ πρὸς ὕδωρ ἢ σῖτον ἀφ-ικνεῖσθαι βούληται, ὡς τάχιστα πορεύεται","ταῦτα  τοίνυν λέγω, ἵνα μὴ ἀναγκασθῆτε τὸν ἄνδρα τὸ λοιπὸν φυλάττειν","μὴ νομίσητε ἐμὲ στρατηγεῖν, ἐὰν μὴ ὑμεῖς Κύρῳ ἕπεσθαι ἐθέλητε"
"ἀλλ᾽ εἴ τις αὐτὸν βλάπτοι, ἐτιμωρεῖτο",τότε δὴ ἠρώτησεν εἰ δέοι τοὺς ἐμπείρους φθάνειν ὠνουμένους τὰ ἐπιτήδεια,"Aristophanes, Ecclesiazusae,",ltgt,τίς ἂν ταῦτα ἐνθυμούμενος ἔτι ἐκείνῳ ὀρθῶς πείθοιτο,εἰ γὰρ ἡμῖν δοίη ἡγεμόνα πιστόν,"εἰ τὸ τοῦ ποταμοῦ εὗρος τριῶν ἢ τεττάρων πλέθρων εἴη, δέοι ἂν πλοίοις χρῆσθαι",ὅστις δὲ τοῖς ἐδίοις μὴ καλῶς χρήσαιτο πῶς ἂν οὗτος οὐ βλάψειε τὰ ἑτέρου :,ἐδεδοκεμὲν δὲ μὴ ἐκεῖνος περὶ τοῦ στρατεύματος βασιλεῖ σημήνειεν,εἶπεν οὖν ὅτι οἱ φυγάδες εἰς τὸ ἴδιον κατα-θεῖντο αὑτοῖς τὰ χρήματα
"ἀλλ᾽ ὅστις ἂν τοὺς νόμους παρα-βαίνῃ, τὴν δίκην δότω","τὰ ὑπο-ζύγια τοίνυν εἰς τὸ στρατόπεδον ἄγετε, μὴ χαλεπὸν γένηται αὐτὰ λαβεῖν","μήδ᾽ οἵου μὲ στρατηγὸν ἂν γενέσθαι, εἰ μὴ πάντες ἄλλοι ἐτρώθησαν","ὦ ἄνδρες στρατιῶται, τὰ ὅπλα λαβόντες περὶ τὴν ἐμὴν σκηνὴν κύκλῳ θέσθε",μὴ αἰτιάσησθε τοὺς πελταστὰς ὅτι οὐκ ἐν τάξει μένοντες τοὺς πολεμίους ἐδέχοντο,πάντα τὰ κοινὰ εἰς πλοῖα θῶμεν καὶ ἀπο-πλέωμεν,τὸν αὐτὸν ὅρκον καὶ ὑμεῖς ὄμνυτε,ὁπλίζουν οὖν ὡς τάχιστα καὶ ἴθι εἰς τὸ πρόσθεν

